{"ae": {"roc_auc": 0.9954651908485048, "precision": 0.9790356394129979, "recall": 0.9688796680497925, "f1": 0.9739311783107404, "threshold": 0.01287561495034751}, "if": {"roc_auc": 0.7835976007429902, "precision": 0.27394438722966014, "recall": 0.5518672199170125, "f1": 0.3661390227116311, "threshold": 0.46334728944410153}, "lof": {"roc_auc": 0.7555628988372814, "precision": 0.3132867132867133, "recall": 0.46473029045643155, "f1": 0.3742690058479532, "threshold": -0.3851394249461493}, "combined": {"roc_auc": 0.8389527585031755, "precision": 0.29532403609515995, "recall": 0.7468879668049793, "f1": 0.42328042328042326, "threshold": 0.10596068570923999}}